{
  "id": "sf2e-anachronism-automation",
  "title": "SF2e Anachronism Automation",
  "version": "2.2.0",
  "manifest": "https://github.com/TactiCool-HUN/sf2e-anachronism-automation/releases/latest/download/module.json",
  "download": "https://github.com/TactiCool-HUN/sf2e-anachronism-automation/releases/download/2.2.0/module.zip",
  "compatibility": {
    "minimum": "13",
    "verified": "13"
  },
  "scripts": [
    "scripts/utils.js",
    "scripts/mysticAutomation.js",
    "scripts/environmentalProtection.js",
    "scripts/macros.js",
    "scripts/getEmAutoRemove.js"
  ],
  "packs": [
    {
      "name": "SF2eAutomationMacros",
      "label": "SF2e Anachronism Macros",
      "path": "packs/macros",
      "type": "Macro",
      "system": "pf2e",
      "ownership": {
        "PLAYER": "OBSERVER",
        "TRUSTED": "OBSERVER",
        "ASSISTANT": "OWNER"
      }
    }
  ],
  "authors": [
    {
      "name": "Tacti",
      "discord": "tacticool_",
      "flags": {}
    }
  ],
  "url": "https://github.com/TactiCool-HUN/sf2e-anachronism-automation",
  "readme": "https://github.com/TactiCool-HUN/sf2e-anachronism-automation/blob/master/README.md",
  "license": "https://github.com/TactiCool-HUN/sf2e-anachronism-automation/blob/master/LICENSE",
  "relationships": {
    "systems": [
      {
        "id": "pf2e",
        "type": "system",
        "compatibility": {}
      }
    ],
    "requires": [
      {
        "id": "sf2e-anachronism",
        "type": "module",
        "compatibility": {}
      }
    ]
  },
  "description": "",
  "flags": {}
}