{
  "id": "sf2e-anachronism-automation",
  "title": "SF2e Anachronism Automation",
  "version": "1.0.1",
  "manifest": "https://github.com/TactiCool-HUN/sf2e-anachronism-automation/releases/latest/download/module.json",
  "download": "https://github.com/TactiCool-HUN/sf2e-anachronism-automation/releases/download/1.0.1/module.zip",
  "compatibility": {
    "minimum": 13,
    "verified": 13
  },
  "scripts": [
    "scripts/mystic-automation.js",
    "scripts/environmental-protection.js"
  ],
  "packs": [
    {
      "name": "SF2e Automation Macros",
      "label": "SF2e Anachronism Automation",
      "path": "./packs/macros.db",
      "type": "Macro",
      "ownership": {
        "PLAYER": "OBSERVER",
        "TRUSTED": "OBSERVER",
        "ASSISTANT": "OWNER"
      }
    }
  ],
  "authors": [
    {
      "name": "Tacti",
      "discord": "tacticool_",
      "flags": {}
    }
  ],
  "url": "https://github.com/TactiCool-HUN/sf2e-anachronism-automation",
  "readme": "https://github.com/TactiCool-HUN/sf2e-anachronism-automation/blob/master/README.md",
  "license": "https://github.com/TactiCool-HUN/sf2e-anachronism-automation/blob/master/LICENSE",
  "systems": [
    {
      "id": "pf2e",
      "type": "system",
      "manifest": "https://github.com/foundryvtt/pf2e/releases/download/latest/system.json"
    }
  ],
  "requires": [{
    "id": "sf2e-anachronism",
    "type": "module",
    "manifest": "https://github.com/TikaelSol/sf2e-anachronism/releases/latest/download/module.json"
  }]
}